{"cameraMode":{"drawMode":0,"name":"Shaded","section":"Shading Mode"},"sceneLighting":false,"audioPlay":false,"sceneViewState":{"showFog":true,"showMaterialUpdate":false,"showSkybox":true,"showFlares":true,"showImageEffects":true,"showParticleSystems":true,"showVisualEffectGraphs":true,"m_FxEnabled":false},"in2DMode":false,"pivot":{"x":10.821364402770996,"y":15.998769760131836,"z":6.141139984130859},"rotation":{"x":-0.054957564920186999,"y":0.8878425359725952,"z":-0.11003752797842026,"w":-0.44342169165611269},"size":1.573364019393921,"orthographic":false}