{"cameraMode":{"drawMode":0,"name":"Shaded","section":"Shading Mode"},"sceneLighting":true,"audioPlay":false,"sceneViewState":{"showFog":true,"showMaterialUpdate":false,"showSkybox":true,"showFlares":true,"showImageEffects":true,"showParticleSystems":true,"showVisualEffectGraphs":true,"m_FxEnabled":true},"in2DMode":false,"pivot":{"x":19.030675888061525,"y":18.341758728027345,"z":32.737220764160159},"rotation":{"x":-0.35631781816482546,"y":0.09700038284063339,"z":-0.037286460399627689,"w":-0.9288403391838074},"size":6.672205448150635,"orthographic":false}