{"cameraMode":{"drawMode":0,"name":"Shaded","section":"Shading Mode"},"sceneLighting":false,"audioPlay":false,"sceneViewState":{"showFog":true,"showMaterialUpdate":false,"showSkybox":false,"showFlares":true,"showImageEffects":true,"showParticleSystems":true,"showVisualEffectGraphs":true,"m_FxEnabled":true},"in2DMode":false,"pivot":{"x":0.004612952470779419,"y":0.0062618255615234379,"z":-1.601874828338623e-7},"rotation":{"x":-0.31128525733947756,"y":0.6498112678527832,"z":-0.33242902159690859,"w":-0.6086631417274475},"size":1.0015265941619874,"orthographic":false}