{"cameraMode":{"drawMode":0,"name":"Shaded","section":"Shading Mode"},"sceneLighting":false,"audioPlay":false,"sceneViewState":{"showFog":true,"showMaterialUpdate":false,"showSkybox":false,"showFlares":true,"showImageEffects":true,"showParticleSystems":true,"showVisualEffectGraphs":true,"m_FxEnabled":true},"in2DMode":false,"pivot":{"x":0.063774473965168,"y":-0.011205315589904786,"z":0.00486069917678833},"rotation":{"x":0.007970749400556088,"y":0.991439700126648,"z":-0.10780365020036698,"w":0.07330258935689926},"size":0.12689635157585145,"orthographic":false}