{"cameraMode":{"drawMode":0,"name":"Shaded","section":"Shading Mode"},"sceneLighting":false,"audioPlay":false,"sceneViewState":{"showFog":true,"showMaterialUpdate":false,"showSkybox":false,"showFlares":true,"showImageEffects":true,"showParticleSystems":true,"showVisualEffectGraphs":true,"m_FxEnabled":true},"in2DMode":false,"pivot":{"x":0.10543745756149292,"y":0.00041621923446655273,"z":-0.00017933547496795654},"rotation":{"x":-0.21833351254463197,"y":0.6223088502883911,"z":-0.18662725389003755,"w":-0.7282653450965881},"size":1.111243486404419,"orthographic":false}