{"cameraMode":{"drawMode":0,"name":"Shaded","section":"Shading Mode"},"sceneLighting":false,"audioPlay":false,"sceneViewState":{"showFog":true,"showMaterialUpdate":false,"showSkybox":false,"showFlares":true,"showImageEffects":true,"showParticleSystems":true,"showVisualEffectGraphs":true,"m_FxEnabled":true},"in2DMode":false,"pivot":{"x":-5.960464477539063e-8,"y":0.885063648223877,"z":-0.0069859325885772709},"rotation":{"x":-0.048959966748952869,"y":0.9447874426841736,"z":-0.16637423634529115,"w":-0.27803048491477969},"size":1.6752800941467286,"orthographic":false}