{"cameraMode":{"drawMode":0,"name":"Shaded","section":"Shading Mode"},"sceneLighting":false,"audioPlay":false,"sceneViewState":{"showFog":true,"showMaterialUpdate":false,"showSkybox":false,"showFlares":true,"showImageEffects":true,"showParticleSystems":true,"showVisualEffectGraphs":true,"m_FxEnabled":true},"in2DMode":false,"pivot":{"x":-0.013817936182022095,"y":0.0007787495851516724,"z":0.01950187236070633},"rotation":{"x":-0.31128525733947756,"y":0.6498112678527832,"z":-0.33242902159690859,"w":-0.6086631417274475},"size":1.0061770677566529,"orthographic":false}